Date,Score,Median,i-day,M-day,Ties,N <,N >,Need
11/19/21 12:00 AM,"114,260","114,260",B2,"114,260",1,0,0,1
,"119,700","116,980",B2,"116,980",0,1,1,0
,"104,550","114,260",B2,"114,260",1,1,1,1
,"118,540","116,400",B2,"116,400",0,2,2,0
,"104,570","114,260",B2,"114,260",1,2,2,1
,"119,430","116,400",B2,"116,400",0,3,3,0
,"115,890","115,890",B2,"115,890",1,3,3,1
,"119,650","117,215",B2,"117,215",0,4,4,0
,"116,840","116,840",B2,"116,840",1,4,4,1
,"117,820","117,330",B2,"117,330",0,5,5,0
,"103,120","116,840",B2,"116,840",1,5,5,1
,"119,170","117,330",B2,"117,330",0,6,6,0
,"91,780","116,840",B2,"116,840",1,6,6,1
,"119,900","117,330",B2,"117,330",0,7,7,0
11/20/21 12:00 AM,"115,370","116,840",B16,"115,370",1,7,7,1
,"120,310","117,330",B16,"117,840",0,8,8,0
,"119,830","117,820",B16,"119,830",1,8,8,1
,"118,740","118,180",B16,"119,285",0,9,9,0
,"110,640","117,820",B16,"118,740",1,9,9,1
,"119,710","118,180",B16,"119,225",0,10,10,0
,"112,740","117,820",B16,"118,740",1,10,10,1
,"111,560","117,330",B16,"117,055",0,11,11,0
,"116,710","116,840",B16,"116,710",1,11,11,1
,"119,310","117,330",B16,"117,725",0,12,12,0
,"114,740","116,840",B16,"116,710",1,12,12,1
,"117,190","117,015",B16,"116,950",0,13,13,0
,"67,150","116,840",B16,"116,710",1,13,13,1
,"119,210","117,015",B16,"116,950",0,14,14,0
,"116,900","116,900",B16,"116,900",1,14,14,1
,"114,770","116,870",B16,"116,805",0,15,15,0
,"113,500","116,840",B16,"116,710",1,15,15,1
,"120,180","116,870",B16,"116,805",0,16,16,0
,"105,020","116,840",B16,"116,710",1,16,16,1
,"116,920","116,870",B16,"116,805",0,17,17,0
,"119,150","116,900",B16,"116,900",1,17,17,1
,"114,570","116,870",B16,"116,805",0,18,18,0
,"93,430","116,840",B16,"116,710",1,18,18,1
,"113,370","116,775",B16,"116,040",0,19,19,0
,"72,230","116,710",B16,"115,370",1,19,19,1
,"116,260","116,485",B16,"115,815",0,20,20,0
,"117,810","116,710",B16,"116,260",1,20,20,1
,"108,090","116,485",B16,"115,815",0,21,21,0
,"114,650","116,260",B16,"115,370",1,21,21,1
,"117,490","116,485",B16,"115,815",0,22,22,0
,"116,790","116,710",B16,"116,260",1,22,22,1
,"116,930","116,750",B16,"116,485",0,23,23,0
,"118,540","116,790",B16,"116,710",1,23,23,1
,"119,970","116,815",B16,"116,750",0,24,24,0
,"119,200","116,840",B16,"116,790",1,24,24,1
,"113,710","116,815",B16,"116,750",0,25,25,0
,"120,420","116,840",B16,"116,790",1,25,25,1
,"113,400","116,815",B16,"116,750",0,26,26,0
,"119,360","116,840",B16,"116,790",1,26,26,1
,"114,160","116,815",B16,"116,750",0,27,27,0
,"105,800","116,790",B16,"116,710",1,27,27,1
11/22/21 12:00 AM,"119,530","116,815",B57,"119,530",0,28,28,0
,"118,300","116,840",B57,"118,915",1,28,28,1
,"114,700","116,815",B57,"118,300",0,29,29,0
,"94,350","116,790",B57,"116,500",1,29,29,1
,"81,280","116,750",B57,"114,700",0,30,30,0
,"38,650","116,710",B57,"104,525",1,30,30,1
,"105,740","116,485",B57,"105,740",0,31,31,0
,"118,810","116,710",B57,"110,220",1,31,31,1
,"119,720","116,750",B57,"114,700",0,32,32,0
,"115,440","116,710",B57,"115,070",1,32,32,1
,"117,410","116,750",B57,"115,440",0,33,33,0
,"111,420","116,710",B57,"115,070",1,33,33,1
,"118,360","116,750",B57,"115,440",0,34,34,0
,"120,310","116,790",B57,"116,425",1,34,34,1
,"117,840","116,815",B57,"117,410",0,35,35,0
,"99,180","116,790",B57,"116,425",1,35,35,1
,"120,320","116,815",B57,"117,410",0,36,36,0
,"106,970","116,790",B57,"116,425",1,36,36,1
,"115,380","116,750",B57,"115,440",0,37,37,0
,"107,480","116,710",B57,"115,410",1,37,37,1
,"92,890","116,485",B57,"115,380",0,38,38,0
11/25/21 12:00 AM,"115,150","116,260",B78,"115,150",1,38,38,1
,"73,150","116,075",B78,"94,150",0,39,39,0
,"113,810","115,890",B78,"113,810",1,39,39,1
,"115,910","115,900",B78,"114,480",0,40,40,0
,"101,550","115,890",B78,"113,810",1,40,40,1
11/29/21 12:00 AM,"83,840","115,665",B83,"83,840",0,41,41,0
,"119,440","115,890",B83,"101,640",1,41,41,1
,"113,280","115,665",B83,"113,280",0,42,42,0
,"113,030","115,440",B83,"113,155",1,42,42,1
,"96,210","115,410",B83,"113,030",0,43,43,0
,"113,900","115,380",B83,"113,155",1,43,43,1
,"115,460","115,410",B83,"113,280",0,44,44,0
,"118,560","115,440",B83,"113,590",1,44,44,1
,"112,150","115,410",B83,"113,280",0,45,45,0
,"109,090","115,380",B83,"113,155",1,45,45,1
,"104,190","115,375",B83,"113,030",0,46,46,0
,"111,680","115,370",B83,"112,590",1,46,46,1
,"117,240","115,375",B83,"113,030",0,47,47,0
,"115,400","115,380",B83,"113,155",1,47,47,1
,"78,740","115,375",B83,"113,030",0,48,48,0
,"110,010","115,370",B83,"112,590",1,48,48,1
,"119,760","115,375",B83,"113,030",0,49,49,0
,"117,660","115,380",B83,"113,155",1,49,49,1
,"109,660","115,375",B83,"113,030",0,50,50,0
,"94,440","115,370",B83,"112,590",1,50,50,1
11/30/21 12:00 AM,"117,430","115,375",B103,"117,430",0,51,51,0
,"117,170","115,380",B103,"117,300",1,51,51,1
,"119,380","115,390",B103,"117,430",0,52,52,0
,"120,360","115,400",B103,"118,405",1,52,52,1
,"113,840","115,390",B103,"117,430",0,53,53,0
,"103,420","115,380",B103,"117,300",1,53,53,1
,"119,510","115,390",B103,"117,430",0,54,54,0
,"118,320","115,400",B103,"117,875",1,54,54,1
,"118,100","115,420",B103,"118,100",0,55,55,0
,"118,910","115,440",B103,"118,210",1,55,55,1
,"117,670","115,450",B103,"118,100",0,56,56,0
,"121,040","115,460",B103,"118,210",1,56,56,1
,"97,530","115,450",B103,"118,100",0,57,57,0
,"112,940","115,440",B103,"117,885",1,57,57,1
,"117,860","115,450",B103,"117,860",0,58,58,0
,"117,370","115,460",B103,"117,765",1,58,58,1
,"118,670","115,675",B103,"117,860",0,59,59,0
12/1/21 12:00 AM,"118,210","115,890",B120,"118,210",1,59,59,1
,"118,520","115,900",B120,"118,365",0,60,60,0
,"119,260","115,910",B120,"118,520",1,60,60,1
,"119,160","116,085",B120,"118,840",0,61,61,0
,"118,840","116,260",B120,"118,840",1,61,61,1
12/2/21 12:00 AM,"113,180","116,085",B125,"113,180",0,62,62,0
,"119,000","116,260",B125,"116,090",1,62,62,1
,"111,840","116,085",B125,"113,180",0,63,63,0
,"113,340","115,910",B125,"113,260",1,63,63,1
,"107,850","115,900",B125,"113,180",0,64,64,0
,"114,760","115,890",B125,"113,260",1,64,64,1
,"101,650","115,675",B125,"113,180",0,65,65,0
,"110,300","115,460",B125,"112,510",1,65,65,1
,"113,320","115,450",B125,"113,180",0,66,66,0
,"115,800","115,460",B125,"113,250",1,66,66,1
,"116,370","115,630",B125,"113,320",0,67,67,0
,"113,480","115,460",B125,"113,330",1,67,67,1
,"115,190","115,450",B125,"113,340",0,68,68,0
,"120,000","115,460",B125,"113,410",1,68,68,1
,"113,510","115,450",B125,"113,480",0,69,69,0
,"120,040","115,460",B125,"113,495",1,69,69,1
,"116,310","115,630",B125,"113,510",0,70,70,0
,"118,810","115,800",B125,"114,135",1,70,70,1
,"119,850","115,845",B125,"114,760",0,71,71,0
,"118,390","115,890",B125,"114,975",1,71,71,1
12/3/21 12:00 AM,"80,650","115,845",B145,"80,650",0,72,72,0
,"116,280","115,890",B145,"98,465",1,72,72,1
,"117,690","115,900",B145,"116,280",0,73,73,0
,"93,370","115,890",B145,"104,825",1,73,73,1
,"88,740","115,845",B145,"93,370",0,74,74,0
,"116,730","115,890",B145,"104,825",1,74,74,1
,"118,910","115,900",B145,"116,280",0,75,75,0
,"99,610","115,890",B145,"107,945",1,75,75,1
,"119,320","115,900",B145,"116,280",0,76,76,0
,"116,320","115,910",B145,"116,300",1,76,76,1
,"118,690","116,085",B145,"116,320",0,77,77,0
,"118,000","116,260",B145,"116,525",1,77,77,1
,"120,680","116,270",B145,"116,730",0,78,78,0
,"120,510","116,280",B145,"117,210",1,78,78,1
,"120,730","116,295",B145,"117,690",0,79,79,0
,"116,950","116,310",B145,"117,320",1,79,79,1
,"119,630","116,315",B145,"117,690",0,80,80,0
,"119,920","116,320",B145,"117,845",1,80,80,1
,"119,350","116,345",B145,"118,000",0,81,81,0
,"121,550","116,370",B145,"118,345",1,81,81,1
,"118,720","116,540",B145,"118,690",0,82,82,0
,"120,430","116,710",B145,"118,705",1,82,82,1
,"108,340","116,540",B145,"118,690",0,83,83,0
,"111,670","116,370",B145,"118,345",1,83,83,1
,"116,860","116,540",B145,"118,000",0,84,84,0
,"106,860","116,370",B145,"117,845",1,84,84,1
,"118,100","116,540",B145,"118,000",0,85,85,0
,"91,160","116,370",B145,"117,845",1,85,85,1
12/4/21 12:00 AM,"110,980","116,345",B173,"110,980",0,86,86,0
,"116,660","116,370",B173,"113,820",1,86,86,1
,"24,920","116,345",B173,"110,980",0,87,87,0
,"115,020","116,320",B173,"113,000",1,87,87,1
,"116,210","116,315",B173,"115,020",0,88,88,0
,"117,250","116,320",B173,"115,615",1,88,88,1
12/5/21 12:00 AM,"98,950","116,315",B179,"98,950",0,89,89,0
,"113,720","116,310",B179,"106,335",1,89,89,1
,"77,870","116,295",B179,"98,950",0,90,90,0
,"111,290","116,280",B179,"105,120",1,90,90,1
12/6/21 12:00 AM,"114,980","116,270",B183,"114,980",0,91,91,0
,"71,480","116,260",B183,"93,230",1,91,91,1
,"117,340","116,270",B183,"114,980",0,92,92,0
,"70,040","116,260",B183,"93,230",1,92,92,1
,"116,680","116,270",B183,"114,980",0,93,93,0
,"121,070","116,280",B183,"115,830",1,93,93,1
,"64,300","116,270",B183,"114,980",0,94,94,0
12/9/21 12:00 AM,"43,900","116,260",B190,"43,900",1,94,94,1
,"62,720","116,235",B190,"53,310",0,95,95,0
,"116,690","116,260",B190,"62,720",1,95,95,1
,"117,070","116,270",B190,"89,705",0,96,96,0
,"117,540","116,280",B190,"116,690",1,96,96,1
,"41,560","116,270",B190,"89,705",0,97,97,0
12/10/21 12:00 AM,"114,240","116,260",B196,"114,240",1,97,97,1
,"106,720","116,235",B196,"110,480",0,98,98,0
,"118,770","116,260",B196,"114,240",1,98,98,1
,"118,580","116,270",B196,"116,410",0,99,99,0
,"111,090","116,260",B196,"114,240",1,99,99,1
,"101,810","116,235",B196,"112,665",0,100,100,0
,"110,030","116,210",B196,"111,090",1,100,100,1
,"90,450","116,060",B196,"110,560",0,101,101,0
,"121,390","116,210",B196,"111,090",1,101,101,1
,"100,240","116,060",B196,"110,560",0,102,102,0
,"116,160","116,160",B196,"111,090",1,102,102,1
,"86,720","116,035",B196,"110,560",0,103,103,0
,"65,310","115,910",B196,"110,030",1,103,103,1
,"115,960","115,935",B196,"110,560",0,104,104,0
,"117,370","115,960",B196,"111,090",1,104,104,1
,"120,340","116,060",B196,"112,665",0,105,105,0
,"112,840","115,960",B196,"112,840",1,105,105,1
,"117,520","116,060",B196,"113,540",0,106,106,0
,"120,510","116,160",B196,"114,240",1,106,106,1
,"118,130","116,185",B196,"115,100",0,107,107,0
,"111,910","116,160",B196,"114,240",1,107,107,1
12/12/21 12:00 AM,"101,660","116,060",B217,"101,660",0,108,108,0
,"118,220","116,160",B217,"109,940",1,108,108,1
,"117,480","116,185",B217,"117,480",0,109,109,0
,"114,720","116,160",B217,"116,100",1,109,109,1
,"118,460","116,185",B217,"117,480",0,110,110,0
,"81,290","116,160",B217,"116,100",1,110,110,1
,"103,460","116,060",B217,"114,720",0,111,111,0
,"117,190","116,160",B217,"115,955",1,111,111,1
,"117,180","116,185",B217,"117,180",0,112,112,0
,"119,570","116,210",B217,"117,185",1,112,112,1
,"111,320","116,185",B217,"117,180",0,113,113,0
,"99,680","116,160",B217,"115,950",1,113,113,1
,"121,500","116,185",B217,"117,180",0,114,114,0
,"119,500","116,210",B217,"117,185",1,114,114,1
,"107,730","116,185",B217,"117,180",0,115,115,0
,"104,850","116,160",B217,"115,950",1,115,115,1
,"116,250","116,185",B217,"116,250",0,116,116,0
,"109,860","116,160",B217,"115,485",1,116,116,1
,"118,000","116,185",B217,"116,250",0,117,117,0
,"110,130","116,160",B217,"115,485",1,117,117,1
,"120,130","116,185",B217,"116,250",0,118,118,0
12/13/21 12:00 AM,"119,000","116,210",B238,"119,000",1,118,118,1
,"118,690","116,230",B238,"118,845",0,119,119,0
,"116,880","116,250",B238,"118,690",1,119,119,1
,"119,040","116,255",B238,"118,845",0,120,120,0
,"90,010","116,250",B238,"118,690",1,120,120,1
,"116,890","116,255",B238,"117,790",0,121,121,0
,"121,270","116,260",B238,"118,690",1,121,121,1
,"116,470","116,270",B238,"117,790",0,122,122,0
,"118,710","116,280",B238,"118,690",1,122,122,1
,"97,990","116,270",B238,"117,790",0,123,123,0
,"107,330","116,260",B238,"116,890",1,123,123,1
,"110,860","116,255",B238,"116,885",0,124,124,0
,"106,290","116,250",B238,"116,880",1,124,124,1
,"113,730","116,230",B238,"116,675",0,125,125,0
,"117,410","116,250",B238,"116,880",1,125,125,1
,"99,870","116,230",B238,"116,675",0,126,126,0
,"116,330","116,250",B238,"116,470",1,126,126,1
,"116,680","116,255",B238,"116,575",0,127,127,0
,"119,990","116,260",B238,"116,680",1,127,127,1
,"112,560","116,255",B238,"116,575",0,128,128,0
,"118,890","116,260",B238,"116,680",1,128,128,1
,"114,800","116,255",B238,"116,575",0,129,129,0
,"115,460","116,250",B238,"116,470",1,129,129,1
,"119,340","116,255",B238,"116,575",0,130,130,0
,"107,070","116,250",B238,"116,470",1,130,130,1
,"115,110","116,230",B238,"116,400",0,131,131,0
,"119,860","116,250",B238,"116,470",1,131,131,1
,"117,340","116,255",B238,"116,575",0,132,132,0
,"113,290","116,250",B238,"116,470",1,132,132,1
,"115,970","116,230",B238,"116,400",0,133,133,0
12/14/21 12:00 AM,"115,670","116,210",B268,"115,670",1,133,133,1
,"100,470","116,185",B268,"108,070",0,134,134,0
,"112,930","116,160",B268,"112,930",1,134,134,1
,"116,020","116,090",B268,"114,300",0,135,135,0
,"119,820","116,160",B268,"115,670",1,135,135,1
,"117,280","116,185",B268,"115,845",0,136,136,0
,"103,290","116,160",B268,"115,670",1,136,136,1
,"115,800","116,090",B268,"115,735",0,137,137,0
,"114,950","116,020",B268,"115,670",1,137,137,1
,"116,950","116,090",B268,"115,735",0,138,138,0
,"117,390","116,160",B268,"115,800",1,138,138,1
12/16/21 12:00 AM,"117,310","116,185",B279,"117,310",0,139,139,0
,"121,700","116,210",B279,"119,505",1,139,139,1
,"120,810","116,230",B279,"120,810",0,140,140,0
,"118,560","116,250",B279,"119,685",1,140,140,1
,"113,090","116,230",B279,"118,560",0,141,141,0
,"118,800","116,250",B279,"118,680",1,141,141,1
,"118,610","116,255",B279,"118,610",0,142,142,0
,"121,400","116,260",B279,"118,705",1,142,142,1
,"118,660","116,270",B279,"118,660",0,143,143,0
,"114,820","116,260",B279,"118,635",1,143,143,1
,"117,180","116,270",B279,"118,610",0,144,144,0
,"120,500","116,280",B279,"118,635",1,144,144,1
,"120,510","116,295",B279,"118,660",0,145,145,0
,"119,030","116,310",B279,"118,730",1,145,145,1
,"120,940","116,315",B279,"118,800",0,146,146,0
,"116,330","116,320",B279,"118,730",1,146,146,1
,"118,410","116,325",B279,"118,660",0,147,147,0
,"118,530","116,330",B279,"118,635",2,147,146,3
,"119,540","116,330",B279,"118,660",2,147,147,2
12/17/21 12:00 AM,"109,710","116,330",B298,"109,710",2,148,147,3
,"115,140","116,325",B298,"112,425",0,149,149,0
,"105,900","116,320",B298,"109,710",1,149,149,1
,"117,530","116,325",B298,"112,425",0,150,150,0
,"117,150","116,330",B298,"115,140",2,150,149,3
,"117,490","116,330",B298,"116,145",2,150,150,2
,"111,470","116,330",B298,"115,140",2,151,150,3
,"109,710","116,325",B298,"113,305",0,152,152,0
,"117,280","116,330",B298,"115,140",2,152,151,3
,"118,210","116,330",B298,"116,145",2,152,152,2
,"114,430","116,330",B298,"115,140",2,153,152,3
,"98,690","116,325",B298,"114,785",0,154,154,0
,"118,820","116,330",B298,"115,140",2,154,153,3
,"117,830","116,330",B298,"116,145",2,154,154,2
12/18/21 12:00 AM,"121,090","116,330",B312,"121,090",2,154,155,1
,"118,940","116,350",B312,"120,015",0,156,156,0
,"117,400","116,370",B312,"118,940",1,156,156,1
,"105,310","116,350",B312,"118,170",0,157,157,0
12/19/21 12:00 AM,"115,890","116,330",B316,"115,890",2,156,157,1
,"117,470","116,350",B316,"116,680",0,158,158,0
,"118,680","116,370",B316,"117,470",1,158,158,1
,"109,090","116,350",B316,"116,680",0,159,159,0
,"118,840","116,370",B316,"117,470",1,159,159,1
,"119,090","116,420",B316,"118,075",0,160,160,0
12/20/21 12:00 AM,"120,180","116,470",B322,"120,180",1,160,160,1
,"120,190","116,565",B322,"120,185",0,161,161,0
,"118,050","116,660",B322,"120,180",1,161,161,1
,"114,910","116,565",B322,"119,115",0,162,162,0
,"116,590","116,590",B322,"118,050",1,162,162,1
,"105,360","116,530",B322,"117,320",0,163,163,0
,"119,210","116,590",B322,"118,050",1,163,163,1
,"117,660","116,625",B322,"117,855",0,164,164,0
,"114,180","116,590",B322,"117,660",1,164,164,1
,"115,720","116,530",B322,"117,125",0,165,165,0
,"112,590","116,470",B322,"116,590",1,165,165,1
,"117,210","116,530",B322,"116,900",0,166,166,0
,"114,230","116,470",B322,"116,590",1,166,166,1
,"121,760","116,530",B322,"116,900",0,167,167,0
,"118,210","116,590",B322,"117,210",1,167,167,1
,"117,530","116,625",B322,"117,370",0,168,168,0
,"119,560","116,660",B322,"117,530",1,168,168,1
,"121,570","116,670",B322,"117,595",0,169,169,0
,"117,500","116,680",B322,"117,530",2,169,168,3
,"115,800","116,670",B322,"117,515",0,170,170,0
,"113,970","116,660",B322,"117,500",1,170,170,1
,"118,710","116,670",B322,"117,515",0,171,171,0
,"108,930","116,660",B322,"117,500",1,171,171,1
,"69,460","116,625",B322,"117,355",0,172,172,0
12/21/21 12:00 AM,"112,650","116,590",B346,"112,650",1,172,172,1
,"119,850","116,625",B346,"116,250",0,173,173,0
,"118,360","116,660",B346,"118,360",1,173,173,1
,"119,240","116,670",B346,"118,800",0,174,174,0
,"108,650","116,660",B346,"118,360",1,174,174,1
,"119,660","116,670",B346,"118,800",0,175,175,0
,"120,420","116,680",B346,"119,240",2,175,174,3
,"112,020","116,670",B346,"118,800",0,176,176,0
,"100,210","116,660",B346,"118,360",1,176,176,1
,"119,310","116,670",B346,"118,800",0,177,177,0
,"119,700","116,680",B346,"119,240",2,177,176,3
,"96,490","116,670",B346,"118,800",0,178,178,0
,"117,490","116,680",B346,"118,360",2,178,177,3
,"114,190","116,670",B346,"117,925",0,179,179,0
,"120,020","116,680",B346,"118,360",2,179,178,3
,"120,870","116,680",B346,"118,800",2,179,179,2
,"115,450","116,680",B346,"118,360",2,180,179,3
,"118,510","116,680",B346,"118,435",2,180,180,2
,"119,030","116,680",B346,"118,510",2,180,181,1
,"119,320","116,685",B346,"118,770",0,182,182,0
,"115,970","116,680",B346,"118,510",2,181,182,1
,"118,870","116,685",B346,"118,690",0,183,183,0
,"118,150","116,690",B346,"118,510",1,183,183,1
,"118,720","116,700",B346,"118,615",0,184,184,0
,"116,190","116,690",B346,"118,510",1,184,184,1
,"115,850","116,685",B346,"118,435",0,185,185,0
,"110,450","116,680",B346,"118,360",2,184,185,1
,"115,380","116,680",B346,"118,255",2,185,185,2
,"117,440","116,680",B346,"118,150",2,185,186,1
,"104,320","116,680",B346,"117,820",2,186,186,2
,"117,980","116,680",B346,"117,980",2,186,187,1
,"119,660","116,685",B346,"118,065",0,188,188,0
,"118,190","116,690",B346,"118,150",1,188,188,1
,"118,480","116,700",B346,"118,170",0,189,189,0
,"117,770","116,710",B346,"118,150",1,189,189,1
,"121,380","116,720",B346,"118,170",0,190,190,0
,"100,820","116,710",B346,"118,150",1,190,190,1
12/23/21 12:00 AM,"119,830","116,720",B383,"119,830",0,191,191,0
,"119,310","116,730",B383,"119,570",1,191,191,1
,"119,980","116,760",B383,"119,830",0,192,192,0
,"88,570","116,730",B383,"119,570",1,192,192,1
,"118,840","116,760",B383,"119,310",0,193,193,0
,"109,170","116,730",B383,"119,075",1,193,193,1
,"118,630","116,760",B383,"118,840",0,194,194,0
,"116,850","116,790",B383,"118,735",1,194,194,1
,"116,170","116,760",B383,"118,630",0,195,195,0
,"73,640","116,730",B383,"117,740",1,195,195,1
,"116,530","116,720",B383,"116,850",0,196,196,0
,"115,050","116,710",B383,"116,690",1,196,196,1
,"120,940","116,720",B383,"116,850",0,197,197,0
,"118,680","116,730",B383,"117,740",1,197,197,1
,"119,470","116,760",B383,"118,630",0,198,198,0
,"120,600","116,790",B383,"118,655",1,198,198,1
,"118,480","116,815",B383,"118,630",0,199,199,0
,"113,200","116,790",B383,"118,555",1,199,199,1
,"120,090","116,815",B383,"118,630",0,200,200,0
,"85,100","116,790",B383,"118,555",1,200,200,1
,"116,230","116,760",B383,"118,480",0,201,201,0
,"102,390","116,730",B383,"117,665",1,201,201,1
,"119,290","116,760",B383,"118,480",0,202,202,0
,"108,180","116,730",B383,"117,665",1,202,202,1
,"117,310","116,760",B383,"117,310",0,203,203,0
,"121,660","116,790",B383,"117,895",1,203,203,1
,"118,060","116,815",B383,"118,060",0,204,204,0
,"114,740","116,790",B383,"117,685",1,204,204,1
,"112,690","116,760",B383,"117,310",0,205,205,0
,"119,620","116,790",B383,"117,685",1,205,205,1
,"119,920","116,815",B383,"118,060",0,206,206,0
,"114,960","116,790",B383,"117,685",1,206,206,1
12/24/21 12:00 AM,"99,270","116,760",B415,"99,270",0,207,207,0
,"88,210","116,730",B415,"93,740",1,207,207,1
,"116,480","116,720",B415,"99,270",0,208,208,0
,"119,430","116,730",B415,"107,875",1,208,208,1
,"121,300","116,760",B415,"116,480",0,209,209,0
,"85,160","116,730",B415,"107,875",1,209,209,1
,"119,090","116,760",B415,"116,480",0,210,210,0
,"117,420","116,790",B415,"116,950",1,210,210,1
,"96,750","116,760",B415,"116,480",0,211,211,0
,"100,610","116,730",B415,"108,545",1,211,211,1
,"118,990","116,760",B415,"116,480",0,212,212,0
,"121,780","116,790",B415,"116,950",1,212,212,1
,"120,600","116,815",B415,"117,420",0,213,213,0
,"117,830","116,840",B415,"117,625",1,213,213,1
12/25/21 12:00 AM,"119,050","116,845",B429,"119,050",0,214,214,0
,"118,450","116,850",B429,"118,750",1,214,214,1
,"115,340","116,845",B429,"118,450",0,215,215,0
,"113,820","116,840",B429,"116,895",1,215,215,1
,"118,850","116,845",B429,"118,450",0,216,216,0
,"120,400","116,850",B429,"118,650",1,216,216,1
,"117,510","116,855",B429,"118,450",0,217,217,0
,"116,040","116,850",B429,"117,980",1,217,217,1
,"96,210","116,845",B429,"117,510",0,218,218,0
,"120,400","116,850",B429,"117,980",1,218,218,1
,"118,730","116,855",B429,"118,450",0,219,219,0
,"116,070","116,850",B429,"117,980",1,219,219,1
,"119,290","116,855",B429,"118,450",0,220,220,0
,"117,670","116,860",B429,"118,060",1,220,220,1
,"103,170","116,855",B429,"117,670",0,221,221,0
,"104,610","116,850",B429,"117,590",1,221,221,1
,"118,570","116,855",B429,"117,670",0,222,222,0
,"117,070","116,860",B429,"117,590",1,222,222,1
,"119,630","116,870",B429,"117,670",0,223,223,0
,"118,600","116,880",B429,"118,060",1,223,223,1
,"87,240","116,870",B429,"117,670",0,224,224,0
,"104,590","116,860",B429,"117,590",1,224,224,1
,"113,530","116,855",B429,"117,510",0,225,225,0
,"118,640","116,860",B429,"117,590",1,225,225,1
,"118,740","116,870",B429,"117,670",0,226,226,0
,"117,570","116,880",B429,"117,620",1,226,226,1
,"100,070","116,870",B429,"117,570",0,227,227,0
,"117,980","116,880",B429,"117,620",1,227,227,1
,"120,340","116,885",B429,"117,670",0,228,228,0
,"112,320","116,880",B429,"117,620",1,228,228,1
,"117,610","116,885",B429,"117,610",0,229,229,0
,"115,070","116,880",B429,"117,590",1,229,229,1
,"63,620","116,870",B429,"117,570",0,230,230,0
,"117,230","116,880",B429,"117,540",1,230,230,1
,"120,850","116,885",B429,"117,570",0,231,231,0
12/26/21 12:00 AM,"118,260","116,890",B464,"118,260",1,231,231,1
,"117,080","116,895",B464,"117,670",0,232,232,0
,"115,970","116,890",B464,"117,080",1,232,232,1
,"110,700","116,885",B464,"116,525",0,233,233,0
,"121,020","116,890",B464,"117,080",1,233,233,1
,"118,860","116,895",B464,"117,670",0,234,234,0
,"118,370","116,900",B464,"118,260",1,234,234,1
,"102,350","116,895",B464,"117,670",0,235,235,0
,"119,000","116,900",B464,"118,260",1,235,235,1
,"119,080","116,910",B464,"118,315",0,236,236,0
12/27/21 12:00 AM,"116,600","116,900",B474,"116,600",1,236,236,1
,"108,190","116,895",B474,"112,395",0,237,237,0
,"77,720","116,890",B474,"108,190",1,237,237,1
,"114,190","116,885",B474,"111,190",0,238,238,0
,"117,860","116,890",B474,"114,190",1,238,238,1
,"105,200","116,885",B474,"111,190",0,239,239,0
,"117,240","116,890",B474,"114,190",1,239,239,1
,"119,550","116,895",B474,"115,395",0,240,240,0
,"119,370","116,900",B474,"116,600",1,240,240,1
,"120,680","116,910",B474,"116,920",0,241,241,0
,"115,040","116,900",B474,"116,600",1,241,241,1
,"118,700","116,910",B474,"116,920",0,242,242,0
,"118,610","116,920",B474,"117,240",1,242,242,1
,"97,690","116,910",B474,"116,920",0,243,243,0
,"115,680","116,900",B474,"116,600",1,243,243,1
,"107,320","116,895",B474,"116,140",0,244,244,0
12/28/21 12:00 AM,"116,850","116,890",B490,"116,850",1,244,244,1
,"69,670","116,885",B490,"93,260",0,245,245,0
,"105,960","116,880",B490,"105,960",1,245,245,1
,"106,400","116,870",B490,"106,180",0,246,246,0
,"119,900","116,880",B490,"106,400",1,246,246,1
,"116,110","116,870",B490,"111,255",0,247,247,0
,"118,240","116,880",B490,"116,110",1,247,247,1
,"113,620","116,870",B490,"114,865",0,248,248,0
,"116,870","116,870",B490,"116,110",1,248,248,1
,"118,450","116,875",B490,"116,480",0,249,249,0
,"119,500","116,880",B490,"116,850",1,249,249,1
12/29/21 12:00 AM,"118,780","116,885",B501,"118,780",0,250,250,0
,"118,900","116,890",B501,"118,840",1,250,250,1
,"119,660","116,895",B501,"118,900",0,251,251,0
,"117,920","116,900",B501,"118,840",1,251,251,1
,"117,550","116,910",B501,"118,780",0,252,252,0
,"73,810","116,900",B501,"118,350",1,252,252,1
,"118,730","116,910",B501,"118,730",0,253,253,0
,"119,100","116,920",B501,"118,755",1,253,253,1
,"117,470","116,925",B501,"118,730",0,254,254,0
,"117,980","116,930",B501,"118,355",1,254,254,1
,"116,180","116,925",B501,"117,980",0,255,255,0
,"118,030","116,930",B501,"118,005",1,255,255,1
,"118,230","116,940",B501,"118,030",0,256,256,0
,"118,450","116,950",B501,"118,130",2,256,255,3
,"107,110","116,940",B501,"118,030",0,257,257,0
,"117,900","116,950",B501,"118,005",2,257,256,3
,"103,890","116,940",B501,"117,980",0,258,258,0
,"121,250","116,950",B501,"118,005",2,258,257,3
,"113,650","116,940",B501,"117,980",0,259,259,0
,"115,150","116,930",B501,"117,950",1,259,259,1
,"120,860","116,940",B501,"117,980",0,260,260,0
,"118,150","116,950",B501,"118,005",2,260,259,3
,"113,770","116,940",B501,"117,980",0,261,261,0
,"117,070","116,950",B501,"117,950",2,261,260,3
12/30/21 12:00 AM,"117,060","116,950",B525,"117,060",2,261,261,2
,"112,520","116,950",B525,"114,790",2,262,261,3
,"107,310","116,940",B525,"112,520",0,263,263,0
,"117,970","116,950",B525,"114,790",2,263,262,3
,"99,780","116,940",B525,"112,520",0,264,264,0
,"116,650","116,930",B525,"114,585",1,264,264,1
,"99,210","116,925",B525,"112,520",0,265,265,0
,"121,590","116,930",B525,"114,585",1,265,265,1
,"112,080","116,925",B525,"112,520",0,266,266,0
,"117,890","116,930",B525,"114,585",1,266,266,1
,"119,530","116,940",B525,"116,650",0,267,267,0
,"102,150","116,930",B525,"114,585",1,267,267,1
12/31/21 12:00 AM,"114,140","116,925",B537,"114,140",0,268,268,0
,"119,290","116,930",B537,"116,715",1,268,268,1
,"116,790","116,925",B537,"116,790",0,269,269,0
,"118,820","116,930",B537,"117,805",1,269,269,1
,"112,280","116,925",B537,"116,790",0,270,270,0
,"119,660","116,930",B537,"117,805",1,270,270,1
,"115,220","116,925",B537,"116,790",0,271,271,0
,"114,710","116,920",B537,"116,005",1,271,271,1
,"118,120","116,925",B537,"116,790",0,272,272,0
,"117,880","116,930",B537,"117,335",1,272,272,1
,"120,520","116,940",B537,"117,880",0,273,273,0
,"119,440","116,950",B537,"118,000",2,273,272,3
,"119,070","116,950",B537,"118,120",2,273,273,2
,"119,660","116,950",B537,"118,470",2,273,274,1
,"114,790","116,950",B537,"118,120",2,274,274,2
,"118,640","116,950",B537,"118,380",2,274,275,1
,"116,210","116,950",B537,"118,120",2,275,275,2
,"117,950","116,950",B537,"118,035",2,275,276,1
,"67,390","116,950",B537,"117,950",2,276,276,2
,"107,020","116,950",B537,"117,915",2,277,276,3
,"120,330","116,950",B537,"117,950",2,277,277,2
,"116,700","116,950",B537,"117,915",2,278,277,3
,"117,550","116,950",B537,"117,880",2,278,278,2
,"117,370","116,950",B537,"117,715",2,278,279,1
,"116,120","116,950",B537,"117,550",2,279,279,2
,"112,420","116,950",B537,"117,460",2,280,279,3
,"119,440","116,950",B537,"117,550",2,280,280,2
,"120,060","116,950",B537,"117,715",2,280,281,1
,"121,210","117,005",B537,"117,880",0,282,282,0
1/1/22 12:00 AM,"117,490","117,060",B566,"117,490",1,282,282,1
,"118,650","117,065",B566,"118,070",0,283,283,0
,"101,570","117,060",B566,"117,490",1,283,283,1
,"99,840","117,005",B566,"109,530",0,284,284,0
,"112,510","116,950",B566,"112,510",2,283,284,1
1/2/22 12:00 AM,"115,270","116,950",B571,"115,270",2,284,284,2
,"102,850","116,950",B571,"109,060",2,285,284,3
,"111,200","116,940",B571,"111,200",0,286,286,0
,"99,960","116,930",B571,"107,025",1,286,286,1
,"106,350","116,925",B571,"106,350",0,287,287,0
,"112,000","116,920",B571,"108,775",1,287,287,1
,"96,530","116,910",B571,"106,350",0,288,288,0
,"102,360","116,900",B571,"104,600",1,288,288,1
,"111,870","116,895",B571,"106,350",0,289,289,0
,"109,580","116,890",B571,"107,965",1,289,289,1
,"118,570","116,895",B571,"109,580",0,290,290,0
,"117,420","116,900",B571,"110,390",1,290,290,1
,"118,820","116,910",B571,"111,200",0,291,291,0
,"118,830","116,920",B571,"111,535",1,291,291,1
,"117,530","116,925",B571,"111,870",0,292,292,0
,"109,160","116,920",B571,"111,535",1,292,292,1
,"118,380","116,925",B571,"111,870",0,293,293,0
,"105,080","116,920",B571,"111,535",1,293,293,1
,"118,280","116,925",B571,"111,870",0,294,294,0
,"105,190","116,920",B571,"111,535",1,294,294,1
1/3/22 12:00 AM,"120,660","116,925",B591,"120,660",0,295,295,0
,"115,640","116,920",B591,"118,150",1,295,295,1
,"111,340","116,910",B591,"115,640",0,296,296,0
,"118,330","116,920",B591,"116,985",1,296,296,1
,"112,900","116,910",B591,"115,640",0,297,297,0
,"116,890","116,900",B591,"116,265",1,297,297,1
,"113,020","116,895",B591,"115,640",0,298,298,0
,"119,950","116,900",B591,"116,265",1,298,298,1
,"113,120","116,895",B591,"115,640",0,299,299,0
,"100,730","116,890",B591,"114,380",2,298,299,1
,"120,300","116,895",B591,"115,640",0,300,300,0
,"115,320","116,890",B591,"115,480",2,299,300,1
1/4/22 12:00 AM,"95,860","116,890",B603,"95,860",2,300,300,2
,"113,650","116,890",B603,"104,755",2,301,300,3
,"120,200","116,890",B603,"113,650",2,301,301,2
,"113,940","116,890",B603,"113,795",2,302,301,3
,"117,770","116,890",B603,"113,940",2,302,302,2
,"119,090","116,890",B603,"115,855",2,302,303,1
,"77,570","116,890",B603,"113,940",2,303,303,2
1/5/22 12:00 AM,"106,640","116,890",B610,"106,640",2,304,303,3
,"119,520","116,890",B610,"113,080",2,304,304,2
,"119,390","116,890",B610,"119,390",2,304,305,1
,"117,970","116,895",B610,"118,680",0,306,306,0
1/6/22 12:00 AM,"112,250","116,890",B614,"112,250",2,305,306,1
,"117,580","116,895",B614,"114,915",0,307,307,0
,"118,610","116,900",B614,"117,580",1,307,307,1
,"117,960","116,910",B614,"117,770",0,308,308,0
,"83,870","116,900",B614,"117,580",1,308,308,1
,"118,650","116,910",B614,"117,770",0,309,309,0
,"102,250","116,900",B614,"117,580",1,309,309,1
,"85,350","116,895",B614,"114,915",0,310,310,0
,"120,390","116,900",B614,"117,580",1,310,310,1
,"121,200","116,910",B614,"117,770",0,311,311,0
,"118,720","116,920",B614,"117,960",1,311,311,1
,"117,310","116,925",B614,"117,770",0,312,312,0
,"120,690","116,930",B614,"117,960",1,312,312,1
,"112,130","116,925",B614,"117,770",0,313,313,0
,"117,940","116,930",B614,"117,940",1,313,313,1
,"100,110","116,925",B614,"117,760",0,314,314,0
,"117,160","116,930",B614,"117,580",1,314,314,1
,"120,300","116,940",B614,"117,760",0,315,315,0
1/7/22 12:00 AM,"117,540","116,950",B632,"117,540",2,315,314,3
,"117,580","116,950",B632,"117,560",2,315,315,2
,"118,750","116,950",B632,"117,580",2,315,316,1
,"116,930","116,950",B632,"117,560",2,316,316,2
,"119,550","116,950",B632,"117,580",2,316,317,1
,"118,790","117,005",B632,"118,165",0,318,318,0
,"106,480","116,950",B632,"117,580",2,317,318,1
,"117,630","117,005",B632,"117,605",0,319,319,0
,"118,620","117,060",B632,"117,630",1,319,319,1
,"118,710","117,065",B632,"118,125",0,320,320,0
,"111,540","117,060",B632,"117,630",1,320,320,1
,"118,390","117,065",B632,"118,010",0,321,321,0
,"119,350","117,070",B632,"118,390",3,321,319,5
,"118,760","117,070",B632,"118,505",3,321,320,4
,"105,450","117,070",B632,"118,390",3,322,320,5
,"117,960","117,070",B632,"118,175",3,322,321,4
,"115,650","117,070",B632,"117,960",3,323,321,5
,"120,950","117,070",B632,"118,175",3,323,322,4
,"118,090","117,070",B632,"118,090",3,323,323,3
,"48,960","117,070",B632,"118,025",3,324,323,4
,"118,540","117,070",B632,"118,090",3,324,324,3
1/8/22 12:00 AM,"115,980","117,070",B653,"115,980",3,325,324,4
,"116,430","117,070",B653,"116,205",3,326,324,5
,"120,320","117,070",B653,"116,430",3,326,325,4
,"119,890","117,070",B653,"118,160",3,326,326,3
,"117,740","117,070",B653,"117,740",3,326,327,2
,"117,770","117,070",B653,"117,755",3,326,328,1
,"98,120","117,070",B653,"117,740",3,327,328,2
1/9/22 12:00 AM,"119,240","117,070",B660,"119,240",3,327,329,1
,"116,750","117,070",B660,"117,995",3,328,329,2
,"118,680","117,070",B660,"118,680",3,328,330,1
,"115,600","117,070",B660,"117,715",3,329,330,2
,"117,940","117,070",B660,"117,940",3,329,331,1
,"115,260","117,070",B660,"117,345",3,330,331,2
,"118,500","117,070",B660,"117,940",3,330,332,1
,"117,600","117,075",B660,"117,770",0,333,333,0
,"115,750","117,070",B660,"117,600",3,331,333,1
,"113,850","117,070",B660,"117,175",3,332,333,2
,"117,730","117,070",B660,"117,600",3,332,334,1
,"118,600","117,075",B660,"117,665",0,335,335,0
,"118,280","117,080",B660,"117,730",1,335,335,1
,"118,780","117,115",B660,"117,835",0,336,336,0
,"120,440","117,150",B660,"117,940",1,336,336,1
,"119,230","117,155",B660,"118,110",0,337,337,0
,"110,950","117,150",B660,"117,940",1,337,337,1
,"118,290","117,155",B660,"118,110",0,338,338,0
,"115,290","117,150",B660,"117,940",1,338,338,1
,"115,930","117,115",B660,"117,835",0,339,339,0
1/10/22 12:00 AM,"118,750","117,150",B680,"118,750",1,339,339,1
,"117,500","117,155",B680,"118,125",0,340,340,0
,"109,130","117,150",B680,"117,500",1,340,340,1
1/11/22 12:00 AM,"18,680","117,115",B683,"18,680",0,341,341,0
,"114,520","117,080",B683,"66,600",1,341,341,1
,"91,340","117,075",B683,"91,340",0,342,342,0
,"119,000","117,080",B683,"102,930",1,342,342,1
,"115,210","117,075",B683,"114,520",0,343,343,0
2/17/22 12:00 AM,"118,390","117,080",B688,"118,390",1,343,343,1
,"116,760","117,075",B688,"117,575",0,344,344,0
,"120,230","117,080",B688,"118,390",1,344,344,1
,"115,570","117,075",B688,"117,575",0,345,345,0
,"117,720","117,080",B688,"117,720",1,345,345,1
,"117,250","117,115",B688,"117,485",0,346,346,0
,"85,650","117,080",B688,"117,250",1,346,346,1
,"115,830","117,075",B688,"117,005",0,347,347,0
,"117,280","117,080",B688,"117,250",1,347,347,1
,"120,110","117,115",B688,"117,265",0,348,348,0
,"111,530","117,080",B688,"117,250",1,348,348,1
,"120,470","117,115",B688,"117,265",0,349,349,0
,"118,390","117,150",B688,"117,280",1,349,349,1
,"111,290","117,115",B688,"117,265",0,350,350,0
,"114,540","117,080",B688,"117,250",1,350,350,1
1/13/22 12:00 AM,"116,530","117,075",B703,"116,530",0,351,351,0
,"118,390","117,080",B703,"117,460",1,351,351,1
,"119,100","117,115",B703,"118,390",0,352,352,0
,"118,920","117,150",B703,"118,655",1,352,352,1
,"117,110","117,130",B703,"118,390",0,353,353,0
,"104,120","117,110",B703,"117,750",1,353,353,1
,"118,760","117,130",B703,"118,390",0,354,354,0
,"121,190","117,150",B703,"118,575",1,354,354,1
,"119,500","117,155",B703,"118,760",0,355,355,0
,"119,090","117,160",B703,"118,840",1,355,355,1
,"116,390","117,155",B703,"118,760",0,356,356,0
,"96,860","117,150",B703,"118,575",1,356,356,1
1/14/22 12:00 AM,"119,250","117,155",B715,"119,250",0,357,357,0
,"120,650","117,160",B715,"119,950",1,357,357,1
,"116,320","117,155",B715,"119,250",0,358,358,0
,"118,180","117,160",B715,"118,715",1,358,358,1
,"121,650","117,165",B715,"119,250",0,359,359,0
,"108,290","117,160",B715,"118,715",1,359,359,1
,"115,950","117,155",B715,"118,180",0,360,360,0
,"119,120","117,160",B715,"118,650",1,360,360,1
,"116,670","117,155",B715,"118,180",0,361,361,0
,"113,920","117,150",B715,"117,425",1,361,361,1
,"110,130","117,130",B715,"116,670",0,362,362,0
,"120,630","117,150",B715,"117,425",1,362,362,1
,"119,610","117,155",B715,"118,180",0,363,363,0
,"107,300","117,150",B715,"117,425",1,363,363,1
,"114,800","117,130",B715,"116,670",0,364,364,0
,"119,980","117,150",B715,"117,425",1,364,364,1
,"117,060","117,130",B715,"117,060",0,365,365,0
,"102,350","117,110",B715,"116,865",1,365,365,1
,"105,590","117,095",B715,"116,670",0,366,366,0
,"111,130","117,080",B715,"116,495",1,366,366,1
,"121,450","117,095",B715,"116,670",0,367,367,0
1/16/22 12:00 AM,"118,690","117,110",B736,"118,690",1,367,367,1
,"117,900","117,130",B736,"118,295",0,368,368,0
,"119,850","117,150",B736,"118,690",1,368,368,1
,"119,630","117,155",B736,"119,160",0,369,369,0
,"117,020","117,150",B736,"118,690",1,369,369,1
,"113,580","117,130",B736,"118,295",0,370,370,0
,"117,330","117,150",B736,"117,900",1,370,370,1
,"120,310","117,155",B736,"118,295",0,371,371,0
,"118,040","117,160",B736,"118,040",1,371,371,1
,"111,030","117,155",B736,"117,970",0,372,372,0
,"115,550","117,150",B736,"117,900",1,372,372,1
,"115,900","117,130",B736,"117,615",0,373,373,0
,"118,860","117,150",B736,"117,900",1,373,373,1
,"117,170","117,155",B736,"117,615",0,374,374,0
,"117,230","117,160",B736,"117,330",1,374,374,1
,"97,090","117,155",B736,"117,280",0,375,375,0
,"119,910","117,160",B736,"117,330",1,375,375,1
,"119,950","117,165",B736,"117,615",0,376,376,0
,"111,600","117,160",B736,"117,330",1,376,376,1
,"114,410","117,155",B736,"117,280",0,377,377,0
,"101,780","117,150",B736,"117,230",1,377,377,1
1/17/22 12:00 AM,"120,820","117,155",B757,"120,820",0,378,378,0
,"110,970","117,150",B757,"115,895",1,378,378,1
,"114,870","117,130",B757,"114,870",0,379,379,0
,"121,840","117,150",B757,"117,845",1,379,379,1
,"120,410","117,155",B757,"120,410",0,380,380,0
,"105,820","117,150",B757,"117,640",1,380,380,1
,"118,030","117,155",B757,"118,030",0,381,381,0
,"117,930","117,160",B757,"117,980",1,381,381,1
,"118,750","117,165",B757,"118,030",0,382,382,0
,"118,160","117,170",B757,"118,095",2,382,381,3
,"114,460","117,165",B757,"118,030",0,383,383,0
,"118,120","117,170",B757,"118,075",2,383,382,3
,"118,150","117,170",B757,"118,120",2,383,383,2
,"119,350","117,170",B757,"118,135",2,383,384,1
,"117,570","117,175",B757,"118,120",0,385,385,0
,"119,200","117,180",B757,"118,135",2,385,384,3
,"114,500","117,175",B757,"118,120",0,386,386,0
,"115,600","117,170",B757,"118,075",2,385,386,1
,"67,370","117,170",B757,"118,030",2,386,386,2
,"109,580","117,170",B757,"117,980",2,387,386,3
1/18/22 12:00 AM,"118,950","117,170",B777,"118,950",2,387,387,2
,"114,580","117,170",B777,"116,765",2,388,387,3
,"119,250","117,170",B777,"118,950",2,388,388,2
,"118,670","117,170",B777,"118,810",2,388,389,1
,"121,250","117,175",B777,"118,950",0,390,390,0
,"115,070","117,170",B777,"118,810",2,389,390,1
,"114,550","117,170",B777,"118,670",2,390,390,2
,"91,610","117,170",B777,"116,870",2,391,390,3
,"118,440","117,170",B777,"118,440",2,391,391,2
,"116,440","117,170",B777,"117,440",2,392,391,3
,"116,150","117,165",B777,"116,440",0,393,393,0
,"119,470","117,170",B777,"117,440",2,393,392,3
,"94,310","117,165",B777,"116,440",0,394,394,0
,"117,970","117,170",B777,"117,205",2,394,393,3
,"121,790","117,170",B777,"117,970",2,394,394,2
,"117,840","117,170",B777,"117,905",2,394,395,1
,"70,320","117,170",B777,"117,840",2,395,395,2
1/19/22 12:00 AM,"119,450","117,170",B794,"119,450",2,395,396,1
,"103,510","117,170",B794,"111,480",2,396,396,2
,"119,960","117,170",B794,"119,450",2,396,397,1
,"119,700","117,175",B794,"119,575",0,398,398,0
,"120,590","117,180",B794,"119,700",2,398,397,3
,"122,330","117,180",B794,"119,830",2,398,398,2
,"105,390","117,180",B794,"119,700",2,399,398,3
,"117,970","117,180",B794,"119,575",2,399,399,2
,"118,890","117,180",B794,"119,450",2,399,400,1
,"119,090","117,185",B794,"119,270",0,401,401,0
,"118,870","117,190",B794,"119,090",2,401,400,3
,"105,720","117,185",B794,"118,990",0,402,402,0
1/20/22 12:00 AM,"103,860","117,180",B806,"103,860",2,401,402,1
,"121,720","117,185",B806,"112,790",0,403,403,0
,"42,230","117,180",B806,"103,860",2,402,403,1
,"119,570","117,185",B806,"111,715",0,404,404,0
,"99,400","117,180",B806,"103,860",2,403,404,1
,"118,380","117,185",B806,"111,120",0,405,405,0
,"84,940","117,180",B806,"103,860",2,404,405,1
,"84,940","117,180",B806,"101,630",2,405,405,2
,"110,930","117,180",B806,"103,860",2,406,405,3
,"71,800","117,175",B806,"101,630",0,407,407,0
,"120,990","117,180",B806,"103,860",2,407,406,3
,"112,930","117,175",B806,"107,395",0,408,408,0
,"117,200","117,180",B806,"110,930",2,408,407,3
,"117,750","117,180",B806,"111,930",2,408,408,2
,"116,900","117,180",B806,"112,930",2,409,408,3
,"115,330","117,175",B806,"114,130",0,410,410,0
,"120,050","117,180",B806,"115,330",2,410,409,3
,"105,670","117,175",B806,"114,130",0,411,411,0
1/21/22 12:00 AM,"119,000","117,180",B824,"119,000",2,411,410,3
,"118,580","117,180",B824,"118,790",2,411,411,2
,"98,290","117,180",B824,"118,580",2,412,411,3
,"116,240","117,175",B824,"117,410",0,413,413,0
,"116,090","117,170",B824,"116,240",2,412,413,1
,"118,720","117,175",B824,"117,410",0,414,414,0
,"118,920","117,180",B824,"118,580",2,414,413,3
,"117,220","117,180",B824,"117,900",2,414,414,2
,"105,810","117,180",B824,"117,220",2,415,414,3
,"118,700","117,180",B824,"117,900",2,415,415,2
,"119,800","117,180",B824,"118,580",2,415,416,1
,"112,510","117,180",B824,"117,900",2,416,416,2
1/22/22 12:00 AM,"120,160","117,180",B836,"120,160",2,416,417,1
,"106,590","117,180",B836,"113,375",2,417,417,2
,"118,030","117,180",B836,"118,030",2,417,418,1
,"120,490","117,185",B836,"119,095",0,419,419,0
,"100,120","117,180",B836,"118,030",2,418,419,1
,"114,770","117,180",B836,"116,400",2,419,419,2
,"118,430","117,180",B836,"118,030",2,419,420,1
,"111,920","117,180",B836,"116,400",2,420,420,2
,"117,810","117,180",B836,"117,810",2,420,421,1
,"112,390","117,180",B836,"116,290",2,421,421,2
,"110,240","117,180",B836,"114,770",2,422,421,3
,"113,080","117,175",B836,"113,925",0,423,423,0
,"116,430","117,170",B836,"114,770",2,422,423,1
,"109,500","117,170",B836,"113,925",2,423,423,2
,"120,380","117,170",B836,"114,770",2,423,424,1
,"80,840","117,170",B836,"113,925",2,424,424,2
1/23/22 12:00 AM,"116,300","117,170",B852,"116,300",2,425,424,3
,"110,470","117,165",B852,"113,385",0,426,426,0
,"114,950","117,160",B852,"114,950",1,426,426,1
,"99,700","117,155",B852,"112,710",0,427,427,0
,"118,970","117,160",B852,"114,950",1,427,427,1
,"119,740","117,165",B852,"115,625",0,428,428,0
,"113,410","117,160",B852,"114,950",1,428,428,1
,"105,210","117,155",B852,"114,180",0,429,429,0
,"93,320","117,150",B852,"113,410",1,429,429,1
,"116,990","117,130",B852,"114,180",0,430,430,0
,"117,380","117,150",B852,"114,950",1,430,430,1
,"120,500","117,155",B852,"115,625",0,431,431,0
,"120,920","117,160",B852,"116,300",1,431,431,1
,"112,620","117,155",B852,"115,625",0,432,432,0
,"116,110","117,150",B852,"116,110",1,432,432,1
,"119,650","117,155",B852,"116,205",0,433,433,0
,"117,200","117,160",B852,"116,300",1,433,433,1
,"108,280","117,155",B852,"116,205",0,434,434,0
,"119,430","117,160",B852,"116,300",1,434,434,1
,"110,850","117,155",B852,"116,205",0,435,435,0
,"110,240","117,150",B852,"116,110",1,435,435,1
,"120,060","117,155",B852,"116,205",0,436,436,0
,"120,820","117,160",B852,"116,300",1,436,436,1
,"112,010","117,155",B852,"116,205",0,437,437,0
,"115,250","117,150",B852,"116,110",1,437,437,1
1/24/22 12:00 AM,"93,620","117,130",B877,"93,620",0,438,438,0
,"117,390","117,150",B877,"105,505",1,438,438,1
,"119,020","117,155",B877,"117,390",0,439,439,0
,"118,020","117,160",B877,"117,705",1,439,439,1
,"118,660","117,165",B877,"118,020",0,440,440,0
,"100,630","117,160",B877,"117,705",1,440,440,1
,"73,470","117,155",B877,"117,390",0,441,441,0
,"120,220","117,160",B877,"117,705",1,441,441,1
,"115,380","117,155",B877,"117,390",0,442,442,0
,"116,640","117,150",B877,"117,015",1,442,442,1
,"119,100","117,155",B877,"117,390",0,443,443,0
,"100,980","117,150",B877,"117,015",1,443,443,1
,"116,520","117,130",B877,"116,640",0,444,444,0
,"120,480","117,150",B877,"117,015",1,444,444,1
,"110,920","117,130",B877,"116,640",0,445,445,0
,"116,430","117,110",B877,"116,580",1,445,445,1
,"118,370","117,130",B877,"116,640",0,446,446,0
,"120,090","117,150",B877,"117,015",1,446,446,1
,"118,020","117,155",B877,"117,390",0,447,447,0
,"114,990","117,150",B877,"117,015",1,447,447,1
,"108,880","117,130",B877,"116,640",0,448,448,0
,"116,480","117,110",B877,"116,580",1,448,448,1
,"119,290","117,130",B877,"116,640",0,449,449,0
,740,"117,110",B877,"116,580",1,449,449,1
1/25/22 12:00 AM,"115,990","117,095",B901,"115,990",0,450,450,0
,"99,960","117,080",B901,"107,975",1,450,450,1
,"111,680","117,075",B901,"111,680",0,451,451,0
,"81,000","117,070",B901,"105,820",3,449,451,1
,"89,660","117,070",B901,"99,960",3,450,451,2
,"117,720","117,070",B901,"105,820",3,450,452,1
,"102,550","117,070",B901,"102,550",3,451,452,2
,"119,520","117,070",B901,"107,115",3,451,453,1
,"117,770","117,075",B901,"111,680",0,454,454,0
,"116,840","117,070",B901,"113,835",3,452,454,1
,"120,530","117,075",B901,"115,990",0,455,455,0
,"82,100","117,070",B901,"113,835",3,453,455,1
,"121,900","117,075",B901,"115,990",0,456,456,0
,"116,300","117,070",B901,"116,145",3,454,456,1
,"120,090","117,075",B901,"116,300",0,457,457,0
,"117,560","117,080",B901,"116,570",1,457,457,1
,"118,840","117,095",B901,"116,840",0,458,458,0
,"117,840","117,110",B901,"117,200",1,458,458,1
,"117,440","117,130",B901,"117,440",0,459,459,0
,"117,760","117,150",B901,"117,500",1,459,459,1
,"117,220","117,155",B901,"117,440",0,460,460,0
,"120,410","117,160",B901,"117,500",1,460,460,1
,"119,570","117,165",B901,"117,560",0,461,461,0
,"109,700","117,160",B901,"117,500",1,461,461,1
,"114,870","117,155",B901,"117,440",0,462,462,0
,"120,670","117,160",B901,"117,500",1,462,462,1
,"104,710","117,155",B901,"117,440",0,463,463,0
,"118,650","117,160",B901,"117,500",1,463,463,1
,"115,140","117,155",B901,"117,440",0,464,464,0
,"115,460","117,150",B901,"117,330",1,464,464,1
,"119,780","117,155",B901,"117,440",0,465,465,0
,"119,360","117,160",B901,"117,500",1,465,465,1
,"119,480","117,165",B901,"117,560",0,466,466,0
,"113,150","117,160",B901,"117,500",1,466,466,1
1/27/22 12:00 AM,"121,090","117,165",B935,"121,090",0,467,467,0
,"118,180","117,170",B935,"119,635",2,467,466,3
,"110,340","117,165",B935,"118,180",0,468,468,0
,"108,380","117,160",B935,"114,260",1,468,468,1
,"116,950","117,155",B935,"116,950",0,469,469,0
,"120,430","117,160",B935,"117,565",1,469,469,1
,"119,850","117,165",B935,"118,180",0,470,470,0
,"112,720","117,160",B935,"117,565",1,470,470,1
,"115,500","117,155",B935,"116,950",0,471,471,0
,"109,060","117,150",B935,"116,225",1,471,471,1
,"109,660","117,130",B935,"115,500",0,472,472,0
,"117,040","117,110",B935,"116,225",1,472,472,1
,"114,640","117,095",B935,"115,500",0,473,473,0
,"119,750","117,110",B935,"116,225",1,473,473,1
,"115,580","117,095",B935,"115,580",0,474,474,0
,"117,820","117,110",B935,"116,265",1,474,474,1
,"119,900","117,130",B935,"116,950",0,475,475,0
,"119,040","117,150",B935,"116,995",1,475,475,1
,"118,010","117,155",B935,"117,040",0,476,476,0
,"101,940","117,150",B935,"116,995",1,476,476,1
,"73,760","117,130",B935,"116,950",0,477,477,0
,"98,380","117,110",B935,"116,265",1,477,477,1
,"115,880","117,095",B935,"115,880",0,478,478,0
,"121,080","117,110",B935,"116,415",1,478,478,1
,"110,020","117,095",B935,"115,880",0,479,479,0
,"117,510","117,110",B935,"116,415",1,479,479,1
,"117,570","117,130",B935,"116,950",0,480,480,0
,"116,280","117,110",B935,"116,615",1,480,480,1
1/28/22 12:00 AM,"106,270","117,095",B963,"106,270",0,481,481,0
,"104,850","117,080",B963,"105,560",1,481,481,1
,"118,390","117,095",B963,"106,270",0,482,482,0
,"116,080","117,080",B963,"111,175",1,482,482,1
,"117,100","117,090",B963,"116,080",0,483,483,0
,"115,540","117,080",B963,"115,810",1,483,483,1
,"121,630","117,090",B963,"116,080",0,484,484,0
,"111,320","117,080",B963,"115,810",1,484,484,1
,"119,580","117,090",B963,"116,080",0,485,485,0
,"118,300","117,100",B963,"116,590",1,485,485,1
,"116,310","117,090",B963,"116,310",0,486,486,0
,"117,660","117,100",B963,"116,705",1,486,486,1
,"115,740","117,090",B963,"116,310",0,487,487,0
,"113,840","117,080",B963,"116,195",1,487,487,1
,"112,060","117,075",B963,"116,080",0,488,488,0
,"89,060","117,070",B963,"115,910",3,486,488,1
,"119,270","117,075",B963,"116,080",0,489,489,0
,"118,220","117,080",B963,"116,195",1,489,489,1
,"119,520","117,090",B963,"116,310",0,490,490,0
,"119,680","117,100",B963,"116,705",1,490,490,1
,"115,100","117,090",B963,"116,310",0,491,491,0
1/29/22 12:00 AM,"119,450","117,100",B984,"119,450",1,491,491,1
,"87,000","117,090",B984,"103,225",0,492,492,0
,"119,690","117,100",B984,"119,450",1,492,492,1
,"118,060","117,105",B984,"118,755",0,493,493,0
,"116,950","117,100",B984,"118,060",1,493,493,1
,"114,420","117,090",B984,"117,505",0,494,494,0
,"110,420","117,080",B984,"116,950",1,494,494,1
,"119,500","117,090",B984,"117,505",0,495,495,0
,"103,720","117,080",B984,"116,950",1,495,495,1
1/30/22 12:00 AM,"119,200","117,090",B993,"119,200",0,496,496,0
,"118,880","117,100",B993,"119,040",1,496,496,1
,"112,480","117,090",B993,"118,880",0,497,497,0
,"107,810","117,080",B993,"115,680",1,497,497,1
,"113,730","117,075",B993,"113,730",0,498,498,0
,"117,210","117,080",B993,"115,470",1,498,498,1
,"120,160","117,090",B993,"117,210",0,499,499,0
,"116,490","117,080",B993,"116,850",1,499,499,1
,"118,040","117,090",B993,"117,210",0,500,500,0
,"117,740","117,100",B993,"117,475",1,500,500,1
,"116,130","117,090",B993,"117,210",0,501,501,0
,"118,920","117,100",B993,"117,475",1,501,501,1
1/31/22 12:00 AM,"78,800","117,090",B1005,"78,800",0,502,502,0
,"117,950","117,100",B1005,"98,375",1,502,502,1
,"117,310","117,105",B1005,"117,310",0,503,503,0
,"121,620","117,110",B1005,"117,630",1,503,503,1
,"114,540","117,105",B1005,"117,310",0,504,504,0
,"96,330","117,100",B1005,"115,925",1,504,504,1
,"120,100","117,105",B1005,"117,310",0,505,505,0
,"107,060","117,100",B1005,"115,925",1,505,505,1
,"119,160","117,105",B1005,"117,310",0,506,506,0
,"118,860","117,110",B1005,"117,630",1,506,506,1
,"118,880","117,130",B1005,"117,950",0,507,507,0
,"118,990","117,150",B1005,"118,405",1,507,507,1
,"115,450","117,130",B1005,"117,950",0,508,508,0
,"112,880","117,110",B1005,"117,630",1,508,508,1
,"116,330","117,105",B1005,"117,310",0,509,509,0
,"53,160","117,100",B1005,"116,820",1,509,509,1
,"114,130","117,090",B1005,"116,330",0,510,510,0
2/1/22 12:00 AM,"110,980","117,080",B1022,"110,980",1,510,510,1
,"118,770","117,090",B1022,"114,875",0,511,511,0
,"115,980","117,080",B1022,"115,980",1,511,511,1
,"105,290","117,075",B1022,"113,480",0,512,512,0
,"118,960","117,080",B1022,"115,980",1,512,512,1
,"95,600","117,075",B1022,"113,480",0,513,513,0
,"115,410","117,070",B1022,"115,410",3,511,513,1
,"105,520","117,070",B1022,"113,195",3,512,513,2
2/2/22 12:00 AM,"114,800","117,070",B1030,"114,800",3,513,513,3
,"114,020","117,070",B1030,"114,410",3,514,513,4
,"117,460","117,070",B1030,"114,800",3,514,514,3
,"118,540","117,070",B1030,"116,130",3,514,515,2
,"114,470","117,070",B1030,"114,800",3,515,515,3
,"118,810","117,070",B1030,"116,130",3,515,516,2
,"116,440","117,070",B1030,"116,440",3,516,516,3
,"79,760","117,070",B1030,"115,620",3,517,516,4
2/3/22 12:00 AM,"120,510","117,070",B1038,"120,510",3,517,517,3
,"120,820","117,070",B1038,"120,665",3,517,518,2
,"120,440","117,070",B1038,"120,510",3,517,519,1
,"120,520","117,075",B1038,"120,515",0,520,520,0
,"117,850","117,080",B1038,"120,510",1,520,520,1
,"116,580","117,075",B1038,"120,475",0,521,521,0
,"118,920","117,080",B1038,"120,440",1,521,521,1
,"119,600","117,090",B1038,"120,020",0,522,522,0
,"115,120","117,080",B1038,"119,600",1,522,522,1
,"109,710","117,075",B1038,"119,260",0,523,523,0
2/4/22 12:00 AM,"119,990","117,080",B1048,"119,990",1,523,523,1
,"116,920","117,075",B1048,"118,455",0,524,524,0
,"120,670","117,080",B1048,"119,990",1,524,524,1
,"103,010","117,075",B1048,"118,455",0,525,525,0
,"94,960","117,070",B1048,"116,920",3,523,525,1
,"110,500","117,070",B1048,"113,710",3,524,525,2
,"89,470","117,070",B1048,"110,500",3,525,525,3
,"95,410","117,070",B1048,"106,755",3,526,525,4
2/5/22 12:00 AM,"117,060","117,070",B1056,"117,060",3,527,525,5
,"120,880","117,070",B1056,"118,970",3,527,526,4
,"116,240","117,070",B1056,"117,060",3,528,526,5
,"119,600","117,070",B1056,"118,330",3,528,527,4
,"98,980","117,070",B1056,"117,060",3,529,527,5
,"118,910","117,070",B1056,"117,985",3,529,528,4
,"117,400","117,070",B1056,"117,400",3,529,529,3
,"118,540","117,070",B1056,"117,970",3,529,530,2
,"116,020","117,070",B1056,"117,400",3,530,530,3
,"116,370","117,070",B1056,"117,230",3,531,530,4
,"117,240","117,070",B1056,"117,240",3,531,531,3
,"118,260","117,070",B1056,"117,320",3,531,532,2
,"114,280","117,070",B1056,"117,240",3,532,532,3
,"118,740","117,070",B1056,"117,320",3,532,533,2
,"114,450","117,070",B1056,"117,240",3,533,533,3
,"118,010","117,070",B1056,"117,320",3,533,534,2
,"118,640","117,070",B1056,"117,400",3,533,535,1
,"91,440","117,070",B1056,"117,320",3,534,535,2
,"113,880","117,070",B1056,"117,240",3,535,535,3
,"119,100","117,070",B1056,"117,320",3,535,536,2
,"108,210","117,070",B1056,"117,240",3,536,536,3
,"104,100","117,070",B1056,"117,150",3,537,536,4
2/6/22 12:00 AM,"119,970","117,070",B1078,"119,970",3,537,537,3
,"119,090","117,070",B1078,"119,530",3,537,538,2
,"120,870","117,070",B1078,"119,970",3,537,539,1
,"120,260","117,075",B1078,"120,115",0,540,540,0
2/7/22 12:00 AM,"119,160","117,080",B1082,"119,160",1,540,540,1
,"94,690","117,075",B1082,"106,925",0,541,541,0
,"117,860","117,080",B1082,"117,860",1,541,541,1
,"103,990","117,075",B1082,"110,925",0,542,542,0
,"115,810","117,070",B1082,"115,810",3,540,542,1
,"107,490","117,070",B1082,"111,650",3,541,542,2
,"118,530","117,070",B1082,"115,810",3,541,543,1
,"116,270","117,070",B1082,"116,040",3,542,543,2
2/8/22 12:00 AM,"120,740","117,070",B1090,"120,740",3,542,544,1
,"117,280","117,075",B1090,"119,010",0,545,545,0
,"114,930","117,070",B1090,"117,280",3,543,545,1
,"120,660","117,075",B1090,"118,970",0,546,546,0
,"115,650","117,070",B1090,"117,280",3,544,546,1
,"114,960","117,070",B1090,"116,465",3,545,546,2
,"120,420","117,070",B1090,"117,280",3,545,547,1
,"112,890","117,070",B1090,"116,465",3,546,547,2
,"117,630","117,070",B1090,"117,280",3,546,548,1
,"121,560","117,075",B1090,"117,455",0,549,549,0
,"120,560","117,080",B1090,"117,630",1,549,549,1
,"104,360","117,075",B1090,"117,455",0,550,550,0
,"120,830","117,080",B1090,"117,630",1,550,550,1
,"120,230","117,090",B1090,"118,930",0,551,551,0
2/9/22 12:00 AM,"115,250","117,080",B1104,"115,250",1,551,551,1
,"118,640","117,090",B1104,"116,945",0,552,552,0
,"119,730","117,100",B1104,"118,640",1,552,552,1
,"73,170","117,090",B1104,"116,945",0,553,553,0
,"116,930","117,080",B1104,"116,930",1,553,553,1
,"120,220","117,090",B1104,"117,785",0,554,554,0
,"121,270","117,100",B1104,"118,640",1,554,554,1
,"110,850","117,090",B1104,"117,785",0,555,555,0
,"116,560","117,080",B1104,"116,930",1,555,555,1
,"116,120","117,075",B1104,"116,745",0,556,556,0
2/10/22 12:00 AM,"120,000","117,080",B1114,"120,000",1,556,556,1
,"108,660","117,075",B1114,"114,330",0,557,557,0
,"116,390","117,070",B1114,"116,390",3,555,557,1
,"121,030","117,075",B1114,"118,195",0,558,558,0
,"117,240","117,080",B1114,"117,240",1,558,558,1
,"119,380","117,090",B1114,"118,310",0,559,559,0
,"116,310","117,080",B1114,"117,240",1,559,559,1
,"119,370","117,090",B1114,"118,305",0,560,560,0
,"106,470","117,080",B1114,"117,240",1,560,560,1
,"120,170","117,090",B1114,"118,305",0,561,561,0
,"119,460","117,100",B1114,"119,370",1,561,561,1
,"118,370","117,105",B1114,"118,870",0,562,562,0
,"120,200","117,110",B1114,"119,370",1,562,562,1
2/11/22 12:00 AM,"118,970","117,130",B1127,"118,970",0,563,563,0
,"119,340","117,150",B1127,"119,155",1,563,563,1
,"107,350","117,130",B1127,"118,970",0,564,564,0
,"95,560","117,110",B1127,"113,160",1,564,564,1
,"117,500","117,130",B1127,"117,500",0,565,565,0
,"121,090","117,150",B1127,"118,235",1,565,565,1
,"121,320","117,155",B1127,"118,970",0,566,566,0
,"120,540","117,160",B1127,"119,155",1,566,566,1
,"106,110","117,155",B1127,"118,970",0,567,567,0
,"118,440","117,160",B1127,"118,705",1,567,567,1
,"119,650","117,165",B1127,"118,970",0,568,568,0
,"113,620","117,160",B1127,"118,705",1,568,568,1
,"93,820","117,155",B1127,"118,440",0,569,569,0
,"119,840","117,160",B1127,"118,705",1,569,569,1
,"119,120","117,165",B1127,"118,970",0,570,570,0
,"119,060","117,170",B1127,"119,015",2,570,569,3
,"118,860","117,170",B1127,"118,970",2,570,570,2
,"118,560","117,170",B1127,"118,915",2,570,571,1
,"120,040","117,175",B1127,"118,970",0,572,572,0
,"115,650","117,170",B1127,"118,915",2,571,572,1
,"118,180","117,175",B1127,"118,860",0,573,573,0
,"119,080","117,180",B1127,"118,915",2,573,572,3
,"121,110","117,180",B1127,"118,970",2,573,573,2
,"118,040","117,180",B1127,"118,915",2,573,574,1
,520,"117,180",B1127,"118,860",2,574,574,2
,"116,080","117,180",B1127,"118,710",2,575,574,3
,"116,210","117,175",B1127,"118,560",0,576,576,0
,"120,550","117,180",B1127,"118,710",2,576,575,3
,"117,580","117,180",B1127,"118,560",2,576,576,2
2/13/22 12:00 AM,"115,150","117,180",B1156,"115,150",2,577,576,3
,"92,820","117,175",B1156,"103,985",0,578,578,0
,"105,520","117,170",B1156,"105,520",2,577,578,1
,"113,550","117,170",B1156,"109,535",2,578,578,2
2/14/22 12:00 AM,"118,150","117,170",B1160,"118,150",2,578,579,1
,"115,920","117,170",B1160,"117,035",2,579,579,2
,"117,630","117,170",B1160,"117,630",2,579,580,1
,"116,080","117,170",B1160,"116,855",2,580,580,2
,"119,630","117,170",B1160,"117,630",2,580,581,1
,"119,980","117,175",B1160,"117,890",0,582,582,0
,520,"117,170",B1160,"117,630",2,581,582,1
2/15/22 12:00 AM,"118,750","117,175",B1167,"118,750",0,583,583,0
,"104,110","117,170",B1167,"111,430",2,582,583,1
,"112,890","117,170",B1167,"112,890",2,583,583,2
,"115,960","117,170",B1167,"114,425",2,584,583,3
,"117,350","117,170",B1167,"115,960",2,584,584,2
,"118,350","117,170",B1167,"116,655",2,584,585,1
,"116,210","117,170",B1167,"116,210",2,585,585,2
,"115,400","117,170",B1167,"116,085",2,586,585,3
,"116,590","117,165",B1167,"116,210",0,587,587,0
,"92,310","117,160",B1167,"116,085",1,587,587,1
,"120,040","117,165",B1167,"116,210",0,588,588,0
,"102,400","117,160",B1167,"116,085",1,588,588,1
,"119,630","117,165",B1167,"116,210",0,589,589,0
,"117,630","117,170",B1167,"116,400",2,589,588,3
2/16/22 12:00 AM,"107,200","117,165",B1181,"107,200",0,590,590,0
,"118,970","117,170",B1181,"113,085",2,590,589,3
,"120,660","117,170",B1181,"118,970",2,590,590,2
,"119,890","117,170",B1181,"119,430",2,590,591,1
,"121,060","117,175",B1181,"119,890",0,592,592,0
,"114,000","117,170",B1181,"119,430",2,591,592,1
,"119,800","117,175",B1181,"119,800",0,593,593,0
,"115,850","117,170",B1181,"119,385",2,592,593,1
,"118,830","117,175",B1181,"118,970",0,594,594,0
,"117,730","117,180",B1181,"118,900",2,594,593,3
,"113,550","117,175",B1181,"118,830",0,595,595,0
,"118,650","117,180",B1181,"118,740",2,595,594,3
,"118,510","117,180",B1181,"118,650",2,595,595,2
,"118,320","117,180",B1181,"118,580",2,595,596,1
2/17/22 12:00 AM,"119,110","117,185",B1195,"119,110",0,597,597,0
,"118,400","117,190",B1195,"118,755",2,597,596,3
,"116,040","117,185",B1195,"118,400",0,598,598,0
,"118,710","117,190",B1195,"118,555",2,598,597,3
,"117,140","117,185",B1195,"118,400",0,599,599,0
,"111,680","117,180",B1195,"117,770",2,598,599,1
,"111,390","117,180",B1195,"117,140",2,599,599,2
,"99,230","117,180",B1195,"116,590",2,600,599,3
,"118,430","117,180",B1195,"117,140",2,600,600,2
